"编号","姓名","年龄","地址"
"10001","姓名1","26","中国"
"10002","姓名2","15","中国"
"10003","姓名3","26","中国"
"10004","姓名4","30","中国"
"10005","姓名5","24","中国"
"10006","姓名6","24","中国"
"10007","姓名7","19","中国"
"10008","姓名8","28","中国"
"10009","姓名9","15","中国"
"10010","姓名10","28","中国"
"10011","姓名11","26","中国"
"10012","姓名12","27","中国"
"10013","姓名13","25","中国"
"10014","姓名14","19","中国"
"10015","姓名15","18","中国"
"10016","姓名16","17","中国"
"10017","姓名17","28","中国"
"10018","姓名18","23","中国"
"10019","姓名19","17","中国"
"10020","姓名20","21","中国"
"10021","姓名21","28","中国"
"10022","姓名22","21","中国"
"10023","姓名23","18","中国"
"10024","姓名24","30","中国"
"10025","姓名25","16","中国"
"10026","姓名26","22","中国"
"10027","姓名27","28","中国"
"10028","姓名28","20","中国"
"10029","姓名29","28","中国"
"10030","姓名30","24","中国"
"10031","姓名31","22","中国"
"10032","姓名32","17","中国"
"10033","姓名33","26","中国"
"10034","姓名34","19","中国"
"10035","姓名35","20","中国"
"10036","姓名36","30","中国"
"10037","姓名37","27","中国"
"10038","姓名38","28","中国"
"10039","姓名39","30","中国"
"10040","姓名40","29","中国"
"10041","姓名41","17","中国"
"10042","姓名42","22","中国"
"10043","姓名43","27","中国"
"10044","姓名44","24","中国"
"10045","姓名45","15","中国"
"10046","姓名46","19","中国"
"10047","姓名47","16","中国"
"10048","姓名48","25","中国"
"10049","姓名49","18","中国"
"10050","姓名50","29","中国"
"10051","姓名51","27","中国"
"10052","姓名52","30","中国"
"10053","姓名53","22","中国"
"10054","姓名54","23","中国"
"10055","姓名55","20","中国"
"10056","姓名56","19","中国"
"10057","姓名57","20","中国"
"10058","姓名58","18","中国"
"10059","姓名59","24","中国"
"10060","姓名60","22","中国"
"10061","姓名61","27","中国"
"10062","姓名62","28","中国"
"10063","姓名63","28","中国"
"10064","姓名64","27","中国"
"10065","姓名65","30","中国"
"10066","姓名66","30","中国"
"10067","姓名67","29","中国"
"10068","姓名68","17","中国"
"10069","姓名69","15","中国"
"10070","姓名70","21","中国"
"10071","姓名71","21","中国"
"10072","姓名72","15","中国"
"10073","姓名73","17","中国"
"10074","姓名74","18","中国"
"10075","姓名75","27","中国"
"10076","姓名76","19","中国"
"10077","姓名77","26","中国"
"10078","姓名78","28","中国"
"10079","姓名79","23","中国"
"10080","姓名80","24","中国"
"10081","姓名81","26","中国"
"10082","姓名82","16","中国"
"10083","姓名83","15","中国"
"10084","姓名84","20","中国"
"10085","姓名85","15","中国"
"10086","姓名86","27","中国"
"10087","姓名87","25","中国"
"10088","姓名88","26","中国"
"10089","姓名89","19","中国"
"10090","姓名90","26","中国"
"10091","姓名91","23","中国"
"10092","姓名92","24","中国"
"10093","姓名93","23","中国"
"10094","姓名94","27","中国"
"10095","姓名95","18","中国"
"10096","姓名96","15","中国"
"10097","姓名97","29","中国"
"10098","姓名98","16","中国"
"10099","姓名99","22","中国"
"10100","姓名100","27","中国"
"10101","姓名101","23","中国"
"10102","姓名102","26","中国"
"10103","姓名103","15","中国"
"10104","姓名104","21","中国"
"10105","姓名105","29","中国"
"10106","姓名106","24","中国"
"10107","姓名107","18","中国"
"10108","姓名108","26","中国"
"10109","姓名109","22","中国"
"10110","姓名110","16","中国"
"10111","姓名111","17","中国"
"10112","姓名112","18","中国"
"10113","姓名113","21","中国"
"10114","姓名114","30","中国"
"10115","姓名115","19","中国"
"10116","姓名116","22","中国"
"10117","姓名117","15","中国"
"10118","姓名118","15","中国"
"10119","姓名119","15","中国"
"10120","姓名120","30","中国"
"10121","姓名121","18","中国"
"10122","姓名122","19","中国"
"10123","姓名123","19","中国"
"10124","姓名124","15","中国"
"10125","姓名125","30","中国"
"10126","姓名126","19","中国"
"10127","姓名127","24","中国"
"10128","姓名128","22","中国"
"10129","姓名129","26","中国"
"10130","姓名130","20","中国"
"10131","姓名131","18","中国"
"10132","姓名132","18","中国"
"10133","姓名133","20","中国"
"10134","姓名134","17","中国"
"10135","姓名135","19","中国"
"10136","姓名136","30","中国"
"10137","姓名137","30","中国"
"10138","姓名138","21","中国"
"10139","姓名139","30","中国"
"10140","姓名140","27","中国"
"10141","姓名141","29","中国"
"10142","姓名142","15","中国"
"10143","姓名143","18","中国"
"10144","姓名144","21","中国"
"10145","姓名145","15","中国"
"10146","姓名146","19","中国"
"10147","姓名147","23","中国"
"10148","姓名148","20","中国"
"10149","姓名149","20","中国"
"10150","姓名150","20","中国"
"10151","姓名151","20","中国"
"10152","姓名152","15","中国"
"10153","姓名153","29","中国"
"10154","姓名154","16","中国"
"10155","姓名155","22","中国"
"10156","姓名156","25","中国"
"10157","姓名157","22","中国"
"10158","姓名158","28","中国"
"10159","姓名159","25","中国"
"10160","姓名160","22","中国"
"10161","姓名161","27","中国"
"10162","姓名162","16","中国"
"10163","姓名163","28","中国"
"10164","姓名164","29","中国"
"10165","姓名165","16","中国"
"10166","姓名166","19","中国"
"10167","姓名167","22","中国"
"10168","姓名168","20","中国"
"10169","姓名169","28","中国"
"10170","姓名170","19","中国"
"10171","姓名171","18","中国"
"10172","姓名172","23","中国"
"10173","姓名173","25","中国"
"10174","姓名174","20","中国"
"10175","姓名175","28","中国"
"10176","姓名176","15","中国"
"10177","姓名177","22","中国"
"10178","姓名178","27","中国"
"10179","姓名179","23","中国"
"10180","姓名180","29","中国"
"10181","姓名181","23","中国"
"10182","姓名182","29","中国"
"10183","姓名183","29","中国"
"10184","姓名184","30","中国"
"10185","姓名185","23","中国"
"10186","姓名186","22","中国"
"10187","姓名187","20","中国"
"10188","姓名188","16","中国"
"10189","姓名189","20","中国"
"10190","姓名190","23","中国"
"10191","姓名191","25","中国"
"10192","姓名192","24","中国"
"10193","姓名193","18","中国"
"10194","姓名194","22","中国"
"10195","姓名195","24","中国"
"10196","姓名196","28","中国"
"10197","姓名197","26","中国"
"10198","姓名198","29","中国"
"10199","姓名199","22","中国"
"10200","姓名200","28","中国"
"10201","姓名201","22","中国"
"10202","姓名202","30","中国"
"10203","姓名203","18","中国"
"10204","姓名204","21","中国"
"10205","姓名205","26","中国"
"10206","姓名206","15","中国"
"10207","姓名207","19","中国"
"10208","姓名208","23","中国"
"10209","姓名209","15","中国"
"10210","姓名210","18","中国"
"10211","姓名211","19","中国"
"10212","姓名212","21","中国"
"10213","姓名213","19","中国"
"10214","姓名214","24","中国"
"10215","姓名215","30","中国"
"10216","姓名216","22","中国"
"10217","姓名217","21","中国"
"10218","姓名218","25","中国"
"10219","姓名219","26","中国"
"10220","姓名220","20","中国"
"10221","姓名221","16","中国"
"10222","姓名222","27","中国"
"10223","姓名223","21","中国"
"10224","姓名224","23","中国"
"10225","姓名225","19","中国"
"10226","姓名226","21","中国"
"10227","姓名227","20","中国"
"10228","姓名228","30","中国"
"10229","姓名229","26","中国"
"10230","姓名230","15","中国"
"10231","姓名231","15","中国"
"10232","姓名232","29","中国"
"10233","姓名233","22","中国"
"10234","姓名234","21","中国"
"10235","姓名235","25","中国"
"10236","姓名236","16","中国"
"10237","姓名237","28","中国"
"10238","姓名238","29","中国"
"10239","姓名239","15","中国"
"10240","姓名240","27","中国"
"10241","姓名241","27","中国"
"10242","姓名242","28","中国"
"10243","姓名243","27","中国"
"10244","姓名244","20","中国"
"10245","姓名245","30","中国"
"10246","姓名246","24","中国"
"10247","姓名247","25","中国"
"10248","姓名248","25","中国"
"10249","姓名249","23","中国"
"10250","姓名250","28","中国"
"10251","姓名251","23","中国"
"10252","姓名252","18","中国"
"10253","姓名253","24","中国"
"10254","姓名254","16","中国"
"10255","姓名255","26","中国"
"10256","姓名256","29","中国"
"10257","姓名257","16","中国"
"10258","姓名258","23","中国"
"10259","姓名259","30","中国"
"10260","姓名260","30","中国"
"10261","姓名261","29","中国"
"10262","姓名262","18","中国"
"10263","姓名263","16","中国"
"10264","姓名264","24","中国"
"10265","姓名265","16","中国"
"10266","姓名266","28","中国"
"10267","姓名267","27","中国"
"10268","姓名268","17","中国"
"10269","姓名269","26","中国"
"10270","姓名270","21","中国"
"10271","姓名271","22","中国"
"10272","姓名272","22","中国"
"10273","姓名273","30","中国"
"10274","姓名274","28","中国"
"10275","姓名275","18","中国"
"10276","姓名276","18","中国"
"10277","姓名277","22","中国"
"10278","姓名278","22","中国"
"10279","姓名279","25","中国"
"10280","姓名280","23","中国"
"10281","姓名281","22","中国"
"10282","姓名282","19","中国"
"10283","姓名283","21","中国"
"10284","姓名284","25","中国"
"10285","姓名285","18","中国"
"10286","姓名286","27","中国"
"10287","姓名287","30","中国"
"10288","姓名288","25","中国"
"10289","姓名289","26","中国"
"10290","姓名290","24","中国"
"10291","姓名291","30","中国"
"10292","姓名292","21","中国"
"10293","姓名293","21","中国"
"10294","姓名294","30","中国"
"10295","姓名295","24","中国"
"10296","姓名296","18","中国"
"10297","姓名297","18","中国"
"10298","姓名298","30","中国"
"10299","姓名299","24","中国"
"10300","姓名300","18","中国"
"10301","姓名301","24","中国"
"10302","姓名302","29","中国"
"10303","姓名303","19","中国"
"10304","姓名304","15","中国"
"10305","姓名305","22","中国"
"10306","姓名306","25","中国"
"10307","姓名307","30","中国"
"10308","姓名308","25","中国"
"10309","姓名309","24","中国"
"10310","姓名310","16","中国"
"10311","姓名311","15","中国"
"10312","姓名312","17","中国"
"10313","姓名313","24","中国"
"10314","姓名314","29","中国"
"10315","姓名315","17","中国"
"10316","姓名316","26","中国"
"10317","姓名317","15","中国"
"10318","姓名318","22","中国"
"10319","姓名319","17","中国"
"10320","姓名320","22","中国"
"10321","姓名321","19","中国"
"10322","姓名322","26","中国"
"10323","姓名323","22","中国"
"10324","姓名324","29","中国"
"10325","姓名325","21","中国"
"10326","姓名326","30","中国"
"10327","姓名327","18","中国"
"10328","姓名328","16","中国"
"10329","姓名329","29","中国"
"10330","姓名330","26","中国"
"10331","姓名331","19","中国"
"10332","姓名332","20","中国"
"10333","姓名333","17","中国"
"10334","姓名334","15","中国"
"10335","姓名335","26","中国"
"10336","姓名336","27","中国"
"10337","姓名337","28","中国"
"10338","姓名338","25","中国"
"10339","姓名339","20","中国"
"10340","姓名340","15","中国"
"10341","姓名341","17","中国"
"10342","姓名342","22","中国"
"10343","姓名343","18","中国"
"10344","姓名344","27","中国"
"10345","姓名345","23","中国"
"10346","姓名346","29","中国"
"10347","姓名347","18","中国"
"10348","姓名348","19","中国"
"10349","姓名349","22","中国"
"10350","姓名350","24","中国"
"10351","姓名351","23","中国"
"10352","姓名352","28","中国"
"10353","姓名353","24","中国"
"10354","姓名354","25","中国"
"10355","姓名355","18","中国"
"10356","姓名356","28","中国"
"10357","姓名357","27","中国"
"10358","姓名358","26","中国"
"10359","姓名359","24","中国"
"10360","姓名360","29","中国"
"10361","姓名361","22","中国"
"10362","姓名362","16","中国"
"10363","姓名363","26","中国"
"10364","姓名364","25","中国"
"10365","姓名365","24","中国"
"10366","姓名366","17","中国"
"10367","姓名367","26","中国"
"10368","姓名368","23","中国"
"10369","姓名369","20","中国"
"10370","姓名370","30","中国"
"10371","姓名371","17","中国"
"10372","姓名372","29","中国"
"10373","姓名373","30","中国"
"10374","姓名374","29","中国"
"10375","姓名375","18","中国"
"10376","姓名376","20","中国"
"10377","姓名377","26","中国"
"10378","姓名378","26","中国"
"10379","姓名379","29","中国"
"10380","姓名380","23","中国"
"10381","姓名381","22","中国"
"10382","姓名382","16","中国"
"10383","姓名383","23","中国"
"10384","姓名384","23","中国"
"10385","姓名385","27","中国"
"10386","姓名386","17","中国"
"10387","姓名387","30","中国"
"10388","姓名388","15","中国"
"10389","姓名389","28","中国"
"10390","姓名390","29","中国"
"10391","姓名391","29","中国"
"10392","姓名392","17","中国"
"10393","姓名393","28","中国"
"10394","姓名394","16","中国"
"10395","姓名395","30","中国"
"10396","姓名396","19","中国"
"10397","姓名397","30","中国"
"10398","姓名398","20","中国"
"10399","姓名399","21","中国"
"10400","姓名400","27","中国"
"10401","姓名401","17","中国"
"10402","姓名402","29","中国"
"10403","姓名403","27","中国"
"10404","姓名404","15","中国"
"10405","姓名405","19","中国"
"10406","姓名406","24","中国"
"10407","姓名407","20","中国"
"10408","姓名408","29","中国"
"10409","姓名409","24","中国"
"10410","姓名410","20","中国"
"10411","姓名411","27","中国"
"10412","姓名412","19","中国"
"10413","姓名413","19","中国"
"10414","姓名414","18","中国"
"10415","姓名415","30","中国"
"10416","姓名416","22","中国"
"10417","姓名417","21","中国"
"10418","姓名418","15","中国"
"10419","姓名419","18","中国"
"10420","姓名420","28","中国"
"10421","姓名421","22","中国"
"10422","姓名422","19","中国"
"10423","姓名423","18","中国"
"10424","姓名424","21","中国"
"10425","姓名425","16","中国"
"10426","姓名426","20","中国"
"10427","姓名427","26","中国"
"10428","姓名428","15","中国"
"10429","姓名429","24","中国"
"10430","姓名430","25","中国"
"10431","姓名431","26","中国"
"10432","姓名432","16","中国"
"10433","姓名433","23","中国"
"10434","姓名434","29","中国"
"10435","姓名435","23","中国"
"10436","姓名436","26","中国"
"10437","姓名437","22","中国"
"10438","姓名438","16","中国"
"10439","姓名439","28","中国"
"10440","姓名440","16","中国"
"10441","姓名441","22","中国"
"10442","姓名442","26","中国"
"10443","姓名443","24","中国"
"10444","姓名444","26","中国"
"10445","姓名445","27","中国"
"10446","姓名446","18","中国"
"10447","姓名447","29","中国"
"10448","姓名448","27","中国"
"10449","姓名449","23","中国"
"10450","姓名450","29","中国"
"10451","姓名451","15","中国"
"10452","姓名452","20","中国"
"10453","姓名453","19","中国"
"10454","姓名454","17","中国"
"10455","姓名455","25","中国"
"10456","姓名456","26","中国"
"10457","姓名457","17","中国"
"10458","姓名458","18","中国"
"10459","姓名459","20","中国"
"10460","姓名460","22","中国"
"10461","姓名461","19","中国"
"10462","姓名462","18","中国"
"10463","姓名463","23","中国"
"10464","姓名464","28","中国"
"10465","姓名465","27","中国"
"10466","姓名466","25","中国"
"10467","姓名467","15","中国"
"10468","姓名468","28","中国"
"10469","姓名469","29","中国"
"10470","姓名470","23","中国"
"10471","姓名471","16","中国"
"10472","姓名472","26","中国"
"10473","姓名473","16","中国"
"10474","姓名474","22","中国"
"10475","姓名475","24","中国"
"10476","姓名476","22","中国"
"10477","姓名477","26","中国"
"10478","姓名478","22","中国"
"10479","姓名479","15","中国"
"10480","姓名480","27","中国"
"10481","姓名481","21","中国"
"10482","姓名482","26","中国"
"10483","姓名483","17","中国"
"10484","姓名484","18","中国"
"10485","姓名485","19","中国"
"10486","姓名486","23","中国"
"10487","姓名487","24","中国"
"10488","姓名488","26","中国"
"10489","姓名489","17","中国"
"10490","姓名490","20","中国"
"10491","姓名491","17","中国"
"10492","姓名492","29","中国"
"10493","姓名493","15","中国"
"10494","姓名494","15","中国"
"10495","姓名495","28","中国"
"10496","姓名496","29","中国"
"10497","姓名497","22","中国"
"10498","姓名498","25","中国"
"10499","姓名499","15","中国"
"10500","姓名500","15","中国"
